id,first_name,last_name,email,gender,ip_address
1,Robena,Lintill,rlintill0@digg.com,Female,72.225.28.190
2,Michale,Tesauro,mtesauro1@hc360.com,Male,192.9.180.23
3,Gilberto,Cannings,gcannings2@xinhuanet.com,Male,98.211.194.178
4,Preston,Keeney,pkeeney3@gizmodo.com,Male,128.168.246.116
5,Lanny,Devonside,ldevonside4@npr.org,Male,151.135.160.24
6,Netti,Serot,nserot5@cloudflare.com,Female,23.210.46.176
7,Keane,Sandilands,ksandilands6@theguardian.com,Male,167.124.180.102
8,Akim,Bremmell,abremmell7@google.de,Male,111.121.29.10
9,Tobit,di Rocca,tdirocca8@latimes.com,Male,238.57.91.86
10,Alisander,Rawcliffe,arawcliffe9@ucoz.com,Male,187.131.211.227
11,Alvin,Wedderburn,awedderburna@nasa.gov,Male,244.86.143.115
12,Kathryn,Fynn,kfynnb@ezinearticles.com,Female,254.108.163.208
13,Nicolette,Poter,npoterc@google.pl,Female,183.180.235.195
14,Dido,Tretwell,dtretwelld@flickr.com,Female,210.251.82.76
15,Stirling,Fogg,sfogge@google.cn,Male,189.200.88.41
16,Karim,Gerty,kgertyf@wix.com,Male,238.84.159.132
17,Buck,Bakewell,bbakewellg@storify.com,Male,113.151.47.225
18,Viviana,Binnell,vbinnellh@amazonaws.com,Female,196.188.40.237
19,Kennan,Schnitter,kschnitteri@odnoklassniki.ru,Male,48.208.154.147
20,Melinde,Sandwick,msandwickj@msn.com,Female,208.94.165.44
21,Petronia,Prester,ppresterk@apache.org,Female,12.15.126.88
22,Wyndham,Nicholson,wnicholsonl@wufoo.com,Male,165.127.154.81
23,Haley,Scorrer,hscorrerm@lulu.com,Male,181.177.215.122
24,Cherey,Gorke,cgorken@weebly.com,Female,82.73.128.74
25,Robbie,Lorraine,rlorraineo@stanford.edu,Female,125.68.222.154
26,Roxi,Brashaw,rbrashawp@typepad.com,Female,118.71.89.252
27,Ertha,Uff,euffq@angelfire.com,Female,0.121.205.26
28,Kimball,Santostefano.,ksantostefanor@soup.io,Male,117.56.250.64
29,Trenna,Wilcott,twilcotts@ucla.edu,Female,114.191.240.19
30,Ramonda,Matteoli,rmatteolit@desdev.cn,Female,104.120.41.140
31,Vevay,Tyght,vtyghtu@hatena.ne.jp,Female,240.178.208.84
32,Alvira,Fould,afouldv@ezinearticles.com,Female,140.66.247.133
33,Herbert,Priel,hprielw@symantec.com,Male,15.2.116.224
34,Carolee,Kubczak,ckubczakx@google.ca,Female,224.29.113.224
35,Miller,Moorhouse,mmoorhousey@howstuffworks.com,Male,95.226.175.170
36,Ced,Ricardo,cricardoz@squarespace.com,Male,34.23.135.130
37,Gae,Jacobovitz,gjacobovitz10@issuu.com,Female,24.255.188.226
38,Martynne,Saurat,msaurat11@forbes.com,Female,37.188.237.108
39,Elfreda,Stotherfield,estotherfield12@theguardian.com,Female,114.253.62.114
40,Avril,Grinsdale,agrinsdale13@boston.com,Female,125.34.54.144
41,Misti,Abraham,mabraham14@businessinsider.com,Female,68.143.113.192
42,Clyde,Rowberry,crowberry15@accuweather.com,Male,46.138.234.212
43,Herbie,Bangle,hbangle16@redcross.org,Male,201.66.169.68
44,Pacorro,MacColm,pmaccolm17@drupal.org,Male,167.245.56.231
45,Karalee,Huntingdon,khuntingdon18@sitemeter.com,Female,210.176.190.153
46,Mara,Harmson,mharmson19@naver.com,Female,242.232.202.62
47,Doro,Hosier,dhosier1a@whitehouse.gov,Female,253.108.80.187
48,Bearnard,Woan,bwoan1b@sciencedaily.com,Male,212.233.247.57
49,Goober,Chettle,gchettle1c@netscape.com,Male,40.200.230.205
50,Augustine,Ruprich,aruprich1d@wired.com,Male,33.164.127.111
51,Gill,Isaksson,gisaksson1e@liveinternet.ru,Male,154.254.43.252
52,Paloma,Alwin,palwin1f@themeforest.net,Female,129.45.29.157
53,Jillie,Merington,jmerington1g@mediafire.com,Female,56.37.128.67
54,Gage,Goodwins,ggoodwins1h@homestead.com,Male,176.117.56.215
55,Conroy,Fleeman,cfleeman1i@imageshack.us,Male,210.214.26.190
56,Christie,Danson,cdanson1j@dailymail.co.uk,Female,42.199.179.11
57,Lauralee,Rossant,lrossant1k@plala.or.jp,Female,170.223.231.174
58,Mortimer,Vaan,mvaan1l@scribd.com,Male,247.134.138.105
59,Cristian,Varnam,cvarnam1m@businesswire.com,Male,223.56.24.88
60,Manda,Buche,mbuche1n@multiply.com,Female,222.100.115.40
61,Allard,Burrus,aburrus1o@pbs.org,Male,25.179.177.207
62,Evelyn,Wateridge,ewateridge1p@chicagotribune.com,Female,128.34.84.193
63,Dennie,Edgeller,dedgeller1q@delicious.com,Female,100.45.86.39
64,Jackelyn,Glyssanne,jglyssanne1r@google.co.jp,Female,190.31.173.91
65,Minny,Heers,mheers1s@dmoz.org,Female,46.103.200.33
66,Helenka,Alfonso,halfonso1t@netvibes.com,Female,56.227.18.115
67,Ase,MacBain,amacbain1u@tinyurl.com,Male,228.228.40.7
68,Fulton,Threadgill,fthreadgill1v@mozilla.org,Male,20.35.172.29
69,Cherye,McMurray,cmcmurray1w@europa.eu,Female,1.157.215.175
70,Candida,Vigus,cvigus1x@discovery.com,Female,71.160.45.123
71,Nester,O'Kane,nokane1y@angelfire.com,Male,23.27.63.227
72,Hunfredo,Eskriet,heskriet1z@i2i.jp,Male,174.137.76.233
73,Noland,Airdrie,nairdrie20@smh.com.au,Male,72.126.239.2
74,Shanie,Cammish,scammish21@cnet.com,Female,164.27.58.204
75,Alla,Cobon,acobon22@mozilla.org,Female,39.253.235.196
76,Becki,Denzey,bdenzey23@zimbio.com,Female,180.113.255.244
77,Zaccaria,Maltman,zmaltman24@earthlink.net,Male,3.93.9.98
78,Tess,Millott,tmillott25@buzzfeed.com,Female,250.240.119.159
79,Sancho,Fehners,sfehners26@networkadvertising.org,Male,34.165.34.94
80,Matt,Denmead,mdenmead27@slideshare.net,Male,180.230.7.196
81,Aland,Dunk,adunk28@google.fr,Male,37.146.77.203
82,Editha,Schreurs,eschreurs29@goo.gl,Female,233.229.154.19
83,Sherie,Begbie,sbegbie2a@washington.edu,Female,83.42.243.4
84,Sean,MacLese,smaclese2b@last.fm,Male,85.44.76.124
85,Jon,Giroldo,jgiroldo2c@phoca.cz,Male,66.107.98.254
86,Morgun,Menichino,mmenichino2d@opensource.org,Male,116.89.58.22
87,Shannon,Powell,spowell2e@economist.com,Female,22.215.76.3
88,Audre,Douse,adouse2f@technorati.com,Female,219.92.240.125
89,Felike,Cumberland,fcumberland2g@wisc.edu,Male,56.253.223.237
90,Rodd,Semorad,rsemorad2h@reddit.com,Male,162.131.95.85
91,Beniamino,Josefs,bjosefs2i@icq.com,Male,24.53.221.141
92,Stern,Colleran,scolleran2j@nsw.gov.au,Male,126.175.100.131
93,Melisandra,D'eye,mdeye2k@plala.or.jp,Female,144.186.214.155
94,Olin,Kayes,okayes2l@amazon.com,Male,229.174.27.221
95,Lauren,Eltune,leltune2m@chronoengine.com,Male,69.244.5.113
96,Nelli,Mackneis,nmackneis2n@desdev.cn,Female,109.161.244.110
97,Boycie,Scranney,bscranney2o@digg.com,Male,72.153.159.19
98,Broderick,Salliss,bsalliss2p@mysql.com,Male,21.87.229.176
99,Carolyne,Durdle,cdurdle2q@china.com.cn,Female,163.54.242.212
100,Sven,Wilkins,swilkins2r@pcworld.com,Male,25.70.86.9
101,Dar,Scoble,dscoble2s@geocities.jp,Male,59.111.158.221
102,Emalia,Thain,ethain2t@boston.com,Female,187.78.76.48
103,Sky,Emor,semor2u@alibaba.com,Male,13.204.74.91
104,Ailyn,Leon,aleon2v@com.com,Female,105.69.198.140
105,Levey,Adlard,ladlard2w@constantcontact.com,Male,41.150.249.168
106,Pearle,Raikes,praikes2x@google.ru,Female,161.214.231.40
107,Daniella,Cocher,dcocher2y@infoseek.co.jp,Female,49.98.25.200
108,Amye,Webland,awebland2z@bigcartel.com,Female,216.92.254.181
109,Angela,Berthome,aberthome30@privacy.gov.au,Female,75.58.62.241
110,Barny,Mersey,bmersey31@wired.com,Male,66.15.173.202
111,Natal,Mussard,nmussard32@techcrunch.com,Male,91.191.71.197
112,Xenos,Cooling,xcooling33@slideshare.net,Male,194.145.122.237
113,Gisele,Stockford,gstockford34@oracle.com,Female,252.7.112.67
114,Paddy,Noller,pnoller35@cam.ac.uk,Male,147.17.194.243
115,Andre,Sent,asent36@ask.com,Male,17.173.53.108
116,Katerina,Kimmerling,kkimmerling37@google.de,Female,239.238.156.149
117,Richy,Goldstone,rgoldstone38@hud.gov,Male,245.198.60.74
118,Dudley,O'Dougherty,dodougherty39@simplemachines.org,Male,238.133.129.42
119,Peder,Chritchlow,pchritchlow3a@prlog.org,Male,128.236.3.113
120,Davidde,Jumel,djumel3b@naver.com,Male,191.219.90.87
121,Ricky,Haldenby,rhaldenby3c@deviantart.com,Female,134.111.166.195
122,Tamera,Aloshkin,taloshkin3d@livejournal.com,Female,254.76.139.195
123,Syman,Riddock,sriddock3e@ucoz.ru,Male,113.54.23.139
124,Peadar,Pilmer,ppilmer3f@salon.com,Male,148.175.168.206
125,Mitchel,Braim,mbraim3g@bravesites.com,Male,93.175.240.203
126,Jerrylee,Borgesio,jborgesio3h@hexun.com,Female,196.111.216.51
127,Meier,Bogue,mbogue3i@sohu.com,Male,184.205.150.230
128,Hammad,Weerdenburg,hweerdenburg3j@tmall.com,Male,220.171.18.48
129,Oates,Varfalameev,ovarfalameev3k@ucoz.ru,Male,225.63.118.96
130,Prudence,Pabel,ppabel3l@i2i.jp,Female,62.37.194.58
131,Adlai,Scutter,ascutter3m@upenn.edu,Male,208.250.145.21
132,Jae,Willishire,jwillishire3n@netlog.com,Male,43.194.196.98
133,Paulina,Pitchford,ppitchford3o@va.gov,Female,234.110.12.253
134,Jamill,Hidderley,jhidderley3p@mapquest.com,Male,26.66.97.199
135,Fredrika,Fusco,ffusco3q@360.cn,Female,187.69.163.55
136,Abeu,Ghioni,aghioni3r@apple.com,Male,239.14.185.132
137,Ferd,Cartlidge,fcartlidge3s@goodreads.com,Male,15.146.161.241
138,Bessy,Brazel,bbrazel3t@youku.com,Female,47.87.163.99
139,Elihu,Winning,ewinning3u@smh.com.au,Male,186.177.145.62
140,Tito,Raddenbury,traddenbury3v@wsj.com,Male,85.142.172.202
141,Randolf,Mocquer,rmocquer3w@altervista.org,Male,201.213.228.33
142,Ford,Baumadier,fbaumadier3x@rakuten.co.jp,Male,162.5.40.60
143,Gherardo,Oxherd,goxherd3y@who.int,Male,236.223.38.69
144,Mohandas,Casserley,mcasserley3z@netvibes.com,Male,9.33.106.61
145,Bradney,Stoter,bstoter40@usatoday.com,Male,246.213.7.13
146,Amii,Prier,aprier41@altervista.org,Female,79.167.231.78
147,Gordan,Dumbare,gdumbare42@woothemes.com,Male,211.103.90.137
148,Wilt,Stichall,wstichall43@eventbrite.com,Male,59.123.214.50
149,Neile,Bengal,nbengal44@amazon.de,Female,71.117.49.111
150,Adel,Blade,ablade45@yellowpages.com,Female,226.231.74.209
151,Zackariah,Slingsby,zslingsby46@alibaba.com,Male,69.221.92.83
152,Wilmar,Risebrow,wrisebrow47@nifty.com,Male,180.18.66.151
153,Kristin,Firsby,kfirsby48@trellian.com,Female,180.250.130.92
154,Whitby,Novotna,wnovotna49@xinhuanet.com,Male,197.88.19.255
155,Olenolin,Dobey,odobey4a@myspace.com,Male,107.244.118.162
156,Amabelle,Vicarey,avicarey4b@chronoengine.com,Female,90.250.78.179
157,Michel,Philipps,mphilipps4c@tripod.com,Female,1.69.217.62
158,Mickie,O'Kenny,mokenny4d@washington.edu,Female,41.172.251.221
159,Jeramie,De Malchar,jdemalchar4e@washington.edu,Male,76.125.169.9
160,Ileana,Clavey,iclavey4f@nifty.com,Female,196.74.75.55
161,Selinda,Surmeyers,ssurmeyers4g@angelfire.com,Female,126.244.57.175
162,Goldia,Huff,ghuff4h@sbwire.com,Female,13.85.179.224
163,Caron,Hurton,churton4i@1und1.de,Female,133.114.221.217
164,Cecil,Covotti,ccovotti4j@barnesandnoble.com,Female,60.88.113.193
165,Gwennie,Mundee,gmundee4k@ycombinator.com,Female,178.131.70.206
166,Taryn,Ivashchenko,tivashchenko4l@example.com,Female,64.181.77.195
167,Yevette,Keppie,ykeppie4m@flickr.com,Female,60.231.210.248
168,Haley,Spragg,hspragg4n@cbsnews.com,Female,150.245.87.34
169,Brandise,Mardy,bmardy4o@printfriendly.com,Female,218.251.150.28
170,Ted,Lummasana,tlummasana4p@about.com,Male,95.45.132.125
171,Willetta,Scally,wscally4q@histats.com,Female,141.23.216.74
172,Ashton,Larrington,alarrington4r@huffingtonpost.com,Male,44.196.171.40
173,Eb,Tarbert,etarbert4s@wikia.com,Male,68.21.106.32
174,Dorelle,Atherley,datherley4t@shareasale.com,Female,227.255.89.104
175,Sylvia,Earsman,searsman4u@digg.com,Female,224.215.113.88
176,Zedekiah,Hallan,zhallan4v@umich.edu,Male,132.136.48.66
177,Levey,Carek,lcarek4w@goo.ne.jp,Male,182.97.234.139
178,Boony,Munroe,bmunroe4x@utexas.edu,Male,95.246.234.184
179,Charmane,Tellett,ctellett4y@admin.ch,Female,5.137.183.164
180,Brinn,Gosnell,bgosnell4z@illinois.edu,Female,183.177.40.22
181,Lynn,Acklands,lacklands50@typepad.com,Male,139.169.0.73
182,Lauretta,Firman,lfirman51@networksolutions.com,Female,105.50.172.58
183,Frasco,Heathcott,fheathcott52@hhs.gov,Male,88.112.180.183
184,Padraig,Walthew,pwalthew53@uiuc.edu,Male,177.72.136.254
185,Matthieu,Lincoln,mlincoln54@last.fm,Male,114.8.6.78
186,Marjy,Von Salzberg,mvonsalzberg55@rambler.ru,Female,27.7.188.85
187,Russ,Harower,rharower56@ezinearticles.com,Male,25.86.56.130
188,Miguelita,Healey,mhealey57@plala.or.jp,Female,186.76.218.92
189,Marcie,Trathan,mtrathan58@blinklist.com,Female,166.249.171.213
190,Pauletta,Fouracres,pfouracres59@jimdo.com,Female,172.244.64.193
191,Quentin,Stenhouse,qstenhouse5a@forbes.com,Male,185.66.110.166
192,Oby,Richin,orichin5b@list-manage.com,Male,235.92.185.47
193,Rosalynd,Ainge,rainge5c@cocolog-nifty.com,Female,83.223.9.141
194,Yolande,Vickarman,yvickarman5d@blogs.com,Female,197.166.123.254
195,Alley,Fisbburne,afisbburne5e@mtv.com,Male,205.212.238.94
196,Jaquelin,McKellen,jmckellen5f@army.mil,Female,13.229.248.115
197,Charlie,Bootyman,cbootyman5g@boston.com,Male,52.181.13.183
198,Min,Van der Son,mvanderson5h@hexun.com,Female,127.216.239.127
199,Marianna,Biagioni,mbiagioni5i@smugmug.com,Female,115.48.126.102
200,Malvin,Pennells,mpennells5j@desdev.cn,Male,0.20.243.106
201,Hube,Van De Cappelle,hvandecappelle5k@upenn.edu,Male,68.177.31.80
202,Hakim,Galletly,hgalletly5l@163.com,Male,238.243.166.183
203,Adena,Wooster,awooster5m@aboutads.info,Female,31.24.189.92
204,Dagmar,Jedrzaszkiewicz,djedrzaszkiewicz5n@wikia.com,Female,103.140.129.80
205,Lizbeth,Witherden,lwitherden5o@wired.com,Female,253.58.35.126
206,Ernie,Swate,eswate5p@hibu.com,Male,142.84.180.15
207,Magda,Yockley,myockley5q@zimbio.com,Female,225.219.103.144
208,Ileane,Tassaker,itassaker5r@si.edu,Female,203.89.167.146
209,Ernst,Baldack,ebaldack5s@ca.gov,Male,224.115.130.187
210,Perl,Van Rembrandt,pvanrembrandt5t@unesco.org,Female,140.125.127.177
211,Joshuah,Ferraraccio,jferraraccio5u@cbc.ca,Male,185.180.126.93
212,Cordie,Gullyes,cgullyes5v@shop-pro.jp,Male,93.52.142.16
213,Coletta,Sallier,csallier5w@e-recht24.de,Female,174.32.233.49
214,Teresita,Gage,tgage5x@cnn.com,Female,153.252.117.73
215,Rob,Dalrymple,rdalrymple5y@timesonline.co.uk,Male,3.228.41.156
216,Friederike,Rhydderch,frhydderch5z@dropbox.com,Female,97.62.244.83
217,Warren,Braz,wbraz60@salon.com,Male,254.187.165.168
218,Dode,Dax,ddax61@house.gov,Female,43.141.239.65
219,Rosabelle,Saxon,rsaxon62@free.fr,Female,53.180.115.224
220,Clementia,Cervantes,ccervantes63@fc2.com,Female,241.93.205.222
221,Lyman,Bryden,lbryden64@reuters.com,Male,164.230.198.188
222,Adriana,Seson,aseson65@mozilla.org,Female,85.153.122.190
223,Indira,Grayne,igrayne66@wikia.com,Female,248.2.148.211
224,Danika,Ceschi,dceschi67@google.cn,Female,29.180.125.104
225,Kenon,Shimwall,kshimwall68@cocolog-nifty.com,Male,221.203.129.217
226,Kessiah,Stebbings,kstebbings69@livejournal.com,Female,125.105.192.251
227,Crissy,Fourman,cfourman6a@eepurl.com,Female,184.234.130.4
228,Levy,Halbard,lhalbard6b@abc.net.au,Male,224.0.227.229
229,Abbie,Singers,asingers6c@163.com,Female,93.243.69.86
230,Vikki,Clacson,vclacson6d@bbc.co.uk,Female,47.253.201.170
231,Roselle,Klemps,rklemps6e@toplist.cz,Female,230.33.228.147
232,Dyna,O'Hannigan,dohannigan6f@apple.com,Female,13.90.104.103
233,Carie,Moodey,cmoodey6g@plala.or.jp,Female,109.46.225.113
234,Amerigo,Sivyour,asivyour6h@virginia.edu,Male,205.128.63.168
235,Justus,Scrannage,jscrannage6i@meetup.com,Male,137.237.34.23
236,Nichols,Hendrich,nhendrich6j@chron.com,Male,35.94.223.242
237,Kiersten,Haygreen,khaygreen6k@people.com.cn,Female,22.9.213.5
238,Marianna,Spini,mspini6l@vistaprint.com,Female,190.23.196.225
239,Camey,Propper,cpropper6m@china.com.cn,Male,171.14.54.100
240,Julieta,Magwood,jmagwood6n@msn.com,Female,193.146.216.84
241,Riane,Clague,rclague6o@ucoz.ru,Female,111.10.158.207
242,Ardath,Mustchin,amustchin6p@simplemachines.org,Female,174.58.214.103
243,Hermia,Malyon,hmalyon6q@51.la,Female,64.169.170.26
244,Christophorus,Turl,cturl6r@wsj.com,Male,57.106.118.76
245,Niels,Balls,nballs6s@drupal.org,Male,67.145.148.92
246,Rosene,Marioneau,rmarioneau6t@eventbrite.com,Female,162.131.213.223
247,Sebastian,Reynard,sreynard6u@amazon.de,Male,61.238.145.251
248,Bell,Brim,bbrim6v@microsoft.com,Female,193.55.134.159
249,Esma,De Domenici,ededomenici6w@digg.com,Female,201.123.101.84
250,Ado,Chesnay,achesnay6x@google.pl,Male,136.188.87.66
251,Piggy,Gately,pgately6y@domainmarket.com,Male,149.130.84.121
252,Terrye,Dunthorn,tdunthorn6z@amazonaws.com,Female,159.218.187.34
253,Agnella,Rickhuss,arickhuss70@cocolog-nifty.com,Female,24.118.63.195
254,Padraig,Hiom,phiom71@simplemachines.org,Male,197.230.8.169
255,Lefty,Thies,lthies72@imgur.com,Male,162.202.7.251
256,Lorianne,Weller,lweller73@cisco.com,Female,232.117.228.205
257,Roderic,Mosdall,rmosdall74@marketwatch.com,Male,163.21.66.163
258,Lorens,Size,lsize75@nifty.com,Male,109.119.189.132
259,Leena,Carbery,lcarbery76@furl.net,Female,136.62.201.227
260,Phylis,Comben,pcomben77@craigslist.org,Female,83.173.246.43
261,Gaye,Skudder,gskudder78@netvibes.com,Female,85.40.207.214
262,Morganne,Hindhaugh,mhindhaugh79@uiuc.edu,Female,223.115.188.68
263,Tomlin,Lickorish,tlickorish7a@google.com.hk,Male,39.137.235.32
264,Law,Brogi,lbrogi7b@newsvine.com,Male,22.31.171.228
265,Valeria,Flooks,vflooks7c@berkeley.edu,Female,212.10.143.144
266,Ettore,Ellph,eellph7d@tmall.com,Male,35.230.170.252
267,Mari,Wardrop,mwardrop7e@desdev.cn,Female,234.210.104.193
268,Esmeralda,Sutcliffe,esutcliffe7f@freewebs.com,Female,85.68.132.96
269,Burl,Sheaf,bsheaf7g@tuttocitta.it,Male,4.118.213.197
270,Carolus,McIlmurray,cmcilmurray7h@dot.gov,Male,5.75.0.43
271,Dominique,Paolozzi,dpaolozzi7i@usnews.com,Female,203.198.20.129
272,Pate,Goodyer,pgoodyer7j@t.co,Male,63.210.96.92
273,Donnamarie,Parcells,dparcells7k@google.co.uk,Female,21.233.0.188
274,Northrop,Tomas,ntomas7l@ycombinator.com,Male,100.225.125.4
275,Wendall,Patters,wpatters7m@ucla.edu,Male,119.69.217.236
276,Jasun,Kacheller,jkacheller7n@wufoo.com,Male,199.141.162.94
277,Keith,Nowland,knowland7o@fema.gov,Male,243.92.117.26
278,Wolfgang,Hurche,whurche7p@technorati.com,Male,7.234.74.159
279,Adrien,Klimkin,aklimkin7q@simplemachines.org,Male,208.120.140.205
280,Abbye,Verdey,averdey7r@a8.net,Female,118.224.183.172
281,Mayor,Edeler,medeler7s@phoca.cz,Male,5.238.23.179
282,Maxie,McRitchie,mmcritchie7t@ustream.tv,Female,236.37.169.88
283,Tabina,Blissitt,tblissitt7u@deviantart.com,Female,221.76.1.121
284,Nonie,Cleghorn,ncleghorn7v@macromedia.com,Female,163.205.62.78
285,Mag,Elintune,melintune7w@upenn.edu,Female,198.45.85.255
286,Lark,Jancar,ljancar7x@uiuc.edu,Female,53.134.156.82
287,Lauraine,Andrault,landrault7y@samsung.com,Female,245.134.184.162
288,Torry,Waddingham,twaddingham7z@state.tx.us,Male,50.22.222.136
289,Aloysia,Creebo,acreebo80@mit.edu,Female,35.115.21.170
290,Mirella,Moroney,mmoroney81@themeforest.net,Female,87.7.171.23
291,Johanna,MacKerley,jmackerley82@dyndns.org,Female,129.202.245.28
292,Mikel,Balaam,mbalaam83@ow.ly,Male,181.255.194.91
293,Vina,Egiloff,vegiloff84@businessinsider.com,Female,144.115.47.203
294,Derwin,Osichev,dosichev85@latimes.com,Male,144.99.203.251
295,Merilyn,Dall,mdall86@topsy.com,Female,209.3.147.217
296,Victoria,Jeffress,vjeffress87@telegraph.co.uk,Female,250.38.222.192
297,Kate,Jossel,kjossel88@kickstarter.com,Female,180.68.89.40
298,Prudy,Cutcliffe,pcutcliffe89@delicious.com,Female,96.162.141.80
299,Johanna,Wedon,jwedon8a@apache.org,Female,242.29.219.159
300,Ora,Rawcliffe,orawcliffe8b@usgs.gov,Female,84.142.51.216
301,Adena,MacMaykin,amacmaykin8c@google.pl,Female,160.206.215.65
302,Reynard,Apedaile,rapedaile8d@aboutads.info,Male,242.162.246.239
303,Cully,Munton,cmunton8e@chron.com,Male,135.5.91.65
304,Sadye,Collicott,scollicott8f@jugem.jp,Female,87.78.152.230
305,Jarrid,Dobbie,jdobbie8g@google.de,Male,75.99.170.42
306,Clare,McCracken,cmccracken8h@apache.org,Female,184.99.24.18
307,Olga,Scadden,oscadden8i@google.it,Female,114.44.22.229
308,Kellie,Ropkins,kropkins8j@aol.com,Female,60.75.66.255
309,Dukie,Cosslett,dcosslett8k@ucla.edu,Male,76.182.255.191
310,Ethelred,Dilleway,edilleway8l@nyu.edu,Male,159.38.110.195
311,Shoshanna,Danielkiewicz,sdanielkiewicz8m@seesaa.net,Female,151.246.194.68
312,Linc,Lippard,llippard8n@exblog.jp,Male,144.104.155.45
313,Pavia,Christofle,pchristofle8o@google.co.jp,Female,175.245.114.114
314,Taddeusz,Geri,tgeri8p@google.es,Male,146.147.159.57
315,Martino,Long,mlong8q@domainmarket.com,Male,34.231.207.113
316,Irwin,Newcombe,inewcombe8r@artisteer.com,Male,229.171.8.195
317,Adolph,Gounard,agounard8s@zdnet.com,Male,20.32.14.188
318,Wenda,Ingman,wingman8t@networksolutions.com,Female,231.236.0.205
319,Sigvard,Goby,sgoby8u@comsenz.com,Male,120.16.150.48
320,Wrennie,Agronski,wagronski8v@wisc.edu,Female,105.60.212.108
321,Hewie,Horlick,hhorlick8w@cdbaby.com,Male,221.6.86.33
322,Neddie,Woolf,nwoolf8x@hhs.gov,Male,29.229.109.28
323,Lorens,Dorey,ldorey8y@kickstarter.com,Male,234.2.230.150
324,Barbara,Dorkin,bdorkin8z@163.com,Female,96.197.217.232
325,Ruthe,Blaase,rblaase90@examiner.com,Female,233.142.117.52
326,Dael,Dauncey,ddauncey91@mit.edu,Female,86.83.238.42
327,Lloyd,Cockram,lcockram92@people.com.cn,Male,236.190.241.91
328,Judon,Hurlston,jhurlston93@ow.ly,Male,96.69.63.133
329,Devinne,Antoszewski,dantoszewski94@census.gov,Female,203.242.158.17
330,Nerti,Willerton,nwillerton95@ucoz.com,Female,44.8.151.127
331,Kincaid,Tevlin,ktevlin96@examiner.com,Male,42.164.81.215
332,Mariele,Spiaggia,mspiaggia97@mashable.com,Female,101.73.41.11
333,Alexandro,Brownhill,abrownhill98@ow.ly,Male,253.70.218.4
334,Kerby,Blow,kblow99@sbwire.com,Male,210.157.50.52
335,Colby,Strewthers,cstrewthers9a@de.vu,Male,85.105.189.248
336,Ema,Tinner,etinner9b@1688.com,Female,196.96.192.211
337,Kile,Gorvin,kgorvin9c@amazon.co.jp,Male,218.246.88.77
338,Garald,Lowings,glowings9d@mlb.com,Male,39.57.95.77
339,Silvio,Crebott,screbott9e@goo.gl,Male,72.36.64.40
340,Mia,Tunn,mtunn9f@cyberchimps.com,Female,55.78.252.121
341,Gleda,Rigmond,grigmond9g@vkontakte.ru,Female,70.51.180.13
342,Luci,Le Ball,lleball9h@list-manage.com,Female,105.39.205.189
343,Beauregard,Stonhouse,bstonhouse9i@booking.com,Male,91.85.80.192
344,Kingsly,Crittal,kcrittal9j@newsvine.com,Male,64.12.220.109
345,Gunar,Quakley,gquakley9k@canalblog.com,Male,88.19.149.25
346,Arthur,MacPhaden,amacphaden9l@tmall.com,Male,42.176.119.222
347,Debera,Giblin,dgiblin9m@usnews.com,Female,80.111.211.44
348,Ulysses,Broxholme,ubroxholme9n@t-online.de,Male,119.79.90.199
349,Abbie,Werny,awerny9o@pcworld.com,Female,247.115.184.189
350,Letty,Tyrie,ltyrie9p@ft.com,Female,18.42.38.62
351,Ignazio,Clatworthy,iclatworthy9q@cisco.com,Male,47.161.116.161
352,Rubin,Duckering,rduckering9r@foxnews.com,Male,190.208.178.191
353,Peg,Khoter,pkhoter9s@google.ca,Female,22.171.252.23
354,Wildon,Finkle,wfinkle9t@geocities.jp,Male,244.156.144.216
355,Babara,Gwinnell,bgwinnell9u@google.com,Female,30.226.90.5
356,Ravi,Halcro,rhalcro9v@usda.gov,Male,251.157.148.170
357,Chadwick,Vasilyev,cvasilyev9w@soup.io,Male,175.245.195.51
358,Nancey,Bettles,nbettles9x@slideshare.net,Female,113.62.133.92
359,Lisbeth,Blakeway,lblakeway9y@utexas.edu,Female,201.85.90.71
360,Jonas,Layburn,jlayburn9z@geocities.com,Male,116.78.196.233
361,Cheston,Dornin,cdornina0@ox.ac.uk,Male,47.29.189.1
362,Smitty,Bowle,sbowlea1@comsenz.com,Male,233.59.93.100
363,Ermanno,Ellsworthe,eellsworthea2@icio.us,Male,68.174.109.165
364,Dougy,Lindro,dlindroa3@aol.com,Male,129.212.13.7
365,Wes,Piele,wpielea4@scientificamerican.com,Male,179.221.15.10
366,Anders,Housegoe,ahousegoea5@google.it,Male,57.198.0.19
367,Minnie,Chinnery,mchinnerya6@t-online.de,Female,19.81.231.183
368,Peirce,Seawright,pseawrighta7@wikimedia.org,Male,248.208.130.60
369,Hubey,Bumphrey,hbumphreya8@auda.org.au,Male,178.162.61.228
370,Veriee,Hasling,vhaslinga9@trellian.com,Female,141.28.140.183
371,Christoper,Malatalant,cmalatalantaa@paypal.com,Male,53.74.57.79
372,Leesa,Malden,lmaldenab@sitemeter.com,Female,91.217.144.144
373,Leighton,Roffe,lroffeac@nature.com,Male,245.86.162.3
374,Ammamaria,Longstreet,alongstreetad@unblog.fr,Female,119.130.168.145
375,Bennett,Ranns,brannsae@salon.com,Male,107.178.122.246
376,Natalee,Rosoman,nrosomanaf@newsvine.com,Female,113.162.242.35
377,Janela,Foss,jfossag@tinyurl.com,Female,247.100.20.160
378,Tammy,Annakin,tannakinah@nifty.com,Male,66.98.34.136
379,Rolland,Juara,rjuaraai@nih.gov,Male,224.90.250.96
380,Geralda,Bedwell,gbedwellaj@dmoz.org,Female,89.168.75.220
381,Goddart,Tollet,gtolletak@nsw.gov.au,Male,3.105.251.254
382,Kim,Mattioni,kmattionial@flickr.com,Male,8.242.8.154
383,Randolph,Daish,rdaisham@virginia.edu,Male,113.112.18.221
384,Courtenay,Drayson,cdraysonan@omniture.com,Female,42.16.242.0
385,Alon,Fillingham,afillinghamao@icq.com,Male,231.45.37.81
386,Georgeta,Slide,gslideap@howstuffworks.com,Female,10.214.53.18
387,Timothee,Spatarul,tspatarulaq@soundcloud.com,Male,143.56.89.150
388,Tilda,Duckhouse,tduckhousear@yahoo.com,Female,79.67.110.195
389,Gustav,Vanyushin,gvanyushinas@gmpg.org,Male,240.226.174.223
390,Tabb,Ledes,tledesat@bing.com,Male,217.221.51.41
391,Yank,Romi,yromiau@fema.gov,Male,234.68.144.58
392,Cullen,Burwood,cburwoodav@gizmodo.com,Male,219.168.7.207
393,Alastair,Ruggier,aruggieraw@princeton.edu,Male,207.19.123.106
394,Micaela,Cammis,mcammisax@youku.com,Female,70.231.151.70
395,Kent,Broadley,kbroadleyay@miitbeian.gov.cn,Male,208.29.53.212
396,Allen,Cragoe,acragoeaz@google.it,Male,171.19.119.27
397,Cristal,Rudman,crudmanb0@de.vu,Female,179.13.9.89
398,Cart,Littledyke,clittledykeb1@php.net,Male,167.247.115.109
399,Perren,MacCallister,pmaccallisterb2@google.ca,Male,234.186.188.10
400,Lucita,Cardinale,lcardinaleb3@xinhuanet.com,Female,188.165.137.153
401,Nikola,Renfree,nrenfreeb4@nydailynews.com,Male,71.57.208.49
402,Michaella,Cullen,mcullenb5@wunderground.com,Female,33.195.108.241
403,Edi,Greenhill,egreenhillb6@barnesandnoble.com,Female,151.130.204.67
404,Edita,Redmayne,eredmayneb7@sun.com,Female,17.242.63.82
405,Brewster,Blything,bblythingb8@ucsd.edu,Male,153.134.101.65
406,Thea,Silcox,tsilcoxb9@wired.com,Female,138.0.136.217
407,Nanette,Deason,ndeasonba@skyrock.com,Female,152.243.248.225
408,Karoly,Janecek,kjanecekbb@github.io,Female,2.166.22.80
409,Gusella,Prisley,gprisleybc@ycombinator.com,Female,198.93.213.49
410,Helaine,Occleshaw,hoccleshawbd@addthis.com,Female,94.185.157.202
411,Gelya,Higford,ghigfordbe@cnet.com,Female,218.134.209.171
412,Parsifal,Tolumello,ptolumellobf@comcast.net,Male,93.30.80.13
413,Kathie,Mathelin,kmathelinbg@purevolume.com,Female,70.114.192.62
414,Drucill,Large,dlargebh@fastcompany.com,Female,112.140.90.82
415,Earvin,Dugan,eduganbi@yolasite.com,Male,52.67.99.107
416,Scotty,Novis,snovisbj@shutterfly.com,Male,223.17.16.59
417,Randy,MacConchie,rmacconchiebk@godaddy.com,Male,84.216.117.128
418,Tomasine,Bosdet,tbosdetbl@ihg.com,Female,251.82.34.238
419,Germana,Ewell,gewellbm@w3.org,Female,145.106.102.169
420,Sharity,Thoma,sthomabn@prlog.org,Female,237.162.19.203
421,Eziechiele,Colbridge,ecolbridgebo@blog.com,Male,181.217.217.45
422,Kip,Mildenhall,kmildenhallbp@gravatar.com,Female,200.203.216.107
423,Carolin,Hartigan,chartiganbq@linkedin.com,Female,25.242.138.138
424,Jamaal,Scalia,jscaliabr@thetimes.co.uk,Male,87.9.27.109
425,Anselm,Carayol,acarayolbs@topsy.com,Male,154.235.84.68
426,Debbi,Glanester,dglanesterbt@aol.com,Female,140.72.224.78
427,Marielle,Edmett,medmettbu@nifty.com,Female,10.35.251.115
428,Elliot,Vause,evausebv@cisco.com,Male,12.125.97.131
429,Anette,Brookzie,abrookziebw@ftc.gov,Female,190.217.38.39
430,Faun,Adnam,fadnambx@lycos.com,Female,94.160.147.219
431,Alyda,Barwood,abarwoodby@domainmarket.com,Female,92.144.122.168
432,Federico,Leet,fleetbz@nationalgeographic.com,Male,205.41.47.20
433,Cobbie,Stapele,cstapelec0@ifeng.com,Male,194.26.254.145
434,Dukie,Dani,ddanic1@jugem.jp,Male,204.254.98.165
435,Karna,Nanetti,knanettic2@java.com,Female,74.90.176.38
436,Tallou,Barthrup,tbarthrupc3@google.nl,Female,162.38.181.70
437,Roze,Elster,relsterc4@fc2.com,Female,74.237.178.100
438,Barry,Vellden,bvelldenc5@netlog.com,Female,67.108.9.101
439,Pia,Baert,pbaertc6@omniture.com,Female,112.104.109.232
440,Thadeus,Fernandez,tfernandezc7@yandex.ru,Male,186.167.253.120
441,Roth,De Carlo,rdecarloc8@buzzfeed.com,Male,168.118.17.242
442,Engracia,Bottrill,ebottrillc9@opensource.org,Female,121.188.72.202
443,Victoir,Patis,vpatisca@istockphoto.com,Male,134.115.199.111
444,Aryn,Quare,aquarecb@cbc.ca,Female,30.76.242.5
445,Ernest,Hourihane,ehourihanecc@utexas.edu,Male,56.95.152.215
446,Danice,Shuttell,dshuttellcd@123-reg.co.uk,Female,109.176.145.195
447,Mag,Finnemore,mfinnemorece@bigcartel.com,Female,251.251.126.147
448,Guinna,Cavaney,gcavaneycf@google.com.au,Female,162.207.57.0
449,Lesley,Suston,lsustoncg@godaddy.com,Female,115.85.61.99
450,Bartholomeus,Gulley,bgulleych@hc360.com,Male,124.23.247.221
451,Ilaire,Pickrell,ipickrellci@exblog.jp,Male,100.214.235.182
452,Geoffrey,Morfey,gmorfeycj@bing.com,Male,251.117.157.187
453,Kipper,Sleeman,ksleemanck@archive.org,Male,235.124.136.27
454,Marie-ann,Joslow,mjoslowcl@si.edu,Female,145.157.242.30
455,Parrnell,Godfrey,pgodfreycm@slashdot.org,Male,105.24.252.17
456,Whitney,Ewbanck,wewbanckcn@examiner.com,Male,218.38.233.122
457,Carita,MacNeish,cmacneishco@omniture.com,Female,161.170.63.215
458,Fae,Langstone,flangstonecp@wikia.com,Female,193.68.213.124
459,Benji,Crean,bcreancq@so-net.ne.jp,Male,16.107.252.25
460,Pennie,Reveland,prevelandcr@yale.edu,Male,86.180.171.208
461,Ilse,Storrock,istorrockcs@1und1.de,Female,115.8.61.249
462,Nicola,Priddey,npriddeyct@live.com,Male,189.42.164.192
463,Tiena,Angeau,tangeaucu@etsy.com,Female,174.95.86.96
464,Jori,Pestell,jpestellcv@deliciousdays.com,Female,67.17.100.191
465,Jarad,Beeze,jbeezecw@dailymotion.com,Male,226.151.190.60
466,Rosalie,Kinghorne,rkinghornecx@imageshack.us,Female,246.181.26.151
467,Dionysus,Swyn,dswyncy@dailymail.co.uk,Male,79.208.141.69
468,Pepita,Gerb,pgerbcz@flavors.me,Female,23.202.65.119
469,Fowler,Harbert,fharbertd0@i2i.jp,Male,190.194.3.197
470,Inger,Crouse,icroused1@list-manage.com,Male,93.70.213.47
471,Lishe,Ingledew,lingledewd2@webs.com,Female,1.108.91.244
472,Lidia,Daughtery,ldaughteryd3@exblog.jp,Female,217.69.212.71
473,Sherwin,Santon,ssantond4@tuttocitta.it,Male,76.32.66.103
474,Jacquelynn,Shiel,jshield5@etsy.com,Female,68.36.15.229
475,Catherin,Braizier,cbraizierd6@cbsnews.com,Female,11.192.201.165
476,Robers,Khomich,rkhomichd7@51.la,Male,205.43.193.7
477,Vernon,Wickett,vwickettd8@mit.edu,Male,199.179.48.128
478,Eden,Canceller,ecancellerd9@furl.net,Female,96.210.230.85
479,Johnathan,Tague,jtagueda@google.com.br,Male,172.130.167.215
480,Celeste,Port,cportdb@clickbank.net,Female,198.176.25.248
481,Teriann,Kleinhaus,tkleinhausdc@shinystat.com,Female,149.226.246.237
482,Laurette,Skully,lskullydd@ucsd.edu,Female,195.212.137.119
483,Saleem,Shipton,sshiptonde@people.com.cn,Male,161.232.153.100
484,Emili,Boatright,eboatrightdf@telegraph.co.uk,Female,132.35.45.151
485,Gayle,Crocroft,gcrocroftdg@ocn.ne.jp,Male,64.83.66.247
486,Athene,Wordley,awordleydh@spiegel.de,Female,37.143.164.224
487,Mitch,Ayto,maytodi@about.com,Male,168.86.116.0
488,Clemmie,Sartain,csartaindj@jalbum.net,Male,53.57.189.113
489,Norine,Knapton,nknaptondk@shutterfly.com,Female,45.254.151.20
490,Lilllie,Pickup,lpickupdl@tmall.com,Female,105.215.176.163
491,Wilbur,Ogborne,wogbornedm@ycombinator.com,Male,207.243.55.124
492,Flin,Donnersberg,fdonnersbergdn@ca.gov,Male,175.18.13.24
493,Gerrilee,Oxenford,goxenforddo@yelp.com,Female,98.204.239.248
494,Tobi,Humerstone,thumerstonedp@flickr.com,Female,74.68.75.46
495,Tiertza,Mulleary,tmullearydq@goodreads.com,Female,123.6.106.89
496,Tiena,Riddick,triddickdr@redcross.org,Female,155.127.252.60
497,Elbertine,Kippin,ekippinds@cargocollective.com,Female,2.151.78.245
498,Carlen,Rief,criefdt@ow.ly,Female,108.170.254.123
499,Dalston,Treagust,dtreagustdu@360.cn,Male,32.13.152.222
500,Jan,Slator,jslatordv@redcross.org,Female,39.57.159.6
501,Danny,Bamsey,dbamseydw@time.com,Male,182.41.204.253
502,Jessy,Gadney,jgadneydx@businessinsider.com,Female,187.14.246.132
503,Freddy,Docharty,fdochartydy@admin.ch,Male,19.131.167.169
504,Jeffie,Brocklebank,jbrocklebankdz@slate.com,Male,102.10.35.186
505,Skipton,Renals,srenalse0@fastcompany.com,Male,143.201.78.29
506,Cory,Lindl,clindle1@webnode.com,Male,152.127.208.237
507,Sigismond,Venners,svennerse2@telegraph.co.uk,Male,29.246.40.218
508,Berky,Vannozzii,bvannozziie3@hatena.ne.jp,Male,50.3.176.128
509,Patten,Chinn,pchinne4@spiegel.de,Male,8.54.43.72
510,Winslow,Stoop,wstoope5@mysql.com,Male,154.22.56.236
511,Nydia,Coughlin,ncoughline6@hibu.com,Female,228.158.107.29
512,Hersch,Halmkin,hhalmkine7@dyndns.org,Male,15.24.208.36
513,Barny,Santos,bsantose8@discuz.net,Male,218.97.126.20
514,Cord,Cline,cclinee9@hugedomains.com,Male,193.135.48.79
515,Donaugh,Celloni,dcelloniea@smh.com.au,Male,156.225.138.78
516,Kelbee,Fladgate,kfladgateeb@123-reg.co.uk,Male,169.231.214.147
517,Anna-diana,Hance,ahanceec@1und1.de,Female,147.196.241.75
518,Kelvin,Ingram,kingramed@pagesperso-orange.fr,Male,187.178.167.211
519,Issi,Twigge,itwiggeee@symantec.com,Female,211.104.163.53
520,Theodor,Duddan,tduddanef@ucla.edu,Male,237.255.63.37
521,Darci,Argente,dargenteeg@spiegel.de,Female,80.25.111.8
522,Augustin,Starrs,astarrseh@mtv.com,Male,121.68.98.104
523,Annabela,Culkin,aculkinei@sohu.com,Female,40.116.190.230
524,Zonnya,Powe,zpoweej@mozilla.com,Female,130.76.106.132
525,Gerhard,Fahey,gfaheyek@printfriendly.com,Male,7.100.97.68
526,Whitman,Stanistreet,wstanistreetel@dot.gov,Male,237.106.8.104
527,Kimberly,O'Crigane,kocriganeem@dell.com,Female,172.134.95.235
528,Nikkie,Sentance,nsentanceen@narod.ru,Female,114.74.125.47
529,Xena,Meddows,xmeddowseo@engadget.com,Female,203.241.26.137
530,Dawn,Rissom,drissomep@miitbeian.gov.cn,Female,218.138.173.66
531,Annmarie,McCrisken,amccriskeneq@nasa.gov,Female,93.2.225.67
532,Emalia,Goodisson,egoodissoner@symantec.com,Female,21.209.8.10
533,Tades,de Clerq,tdeclerqes@google.co.uk,Male,104.88.8.96
534,Pearla,McPhelim,pmcphelimet@mysql.com,Female,243.156.105.108
535,Beilul,Brownsworth,bbrownswortheu@tripod.com,Female,30.42.93.228
536,Hyacinthia,MacMillan,hmacmillanev@hubpages.com,Female,176.196.94.40
537,Adella,Cockton,acocktonew@opensource.org,Female,255.73.77.51
538,Alyosha,Desport,adesportex@rediff.com,Male,154.79.118.198
539,Sterne,Liddle,sliddleey@liveinternet.ru,Male,180.17.115.219
540,Gabriello,Mantram,gmantramez@mashable.com,Male,115.12.155.62
541,Taite,Haithwaite,thaithwaitef0@gmpg.org,Male,133.160.67.193
542,Becka,Renforth,brenforthf1@privacy.gov.au,Female,220.163.187.227
543,Filberte,Kegan,fkeganf2@t.co,Male,21.186.103.132
544,Filmore,Rouse,frousef3@ebay.co.uk,Male,179.86.82.123
545,Dennie,Keller,dkellerf4@chicagotribune.com,Male,128.174.186.16
546,Cassandry,Mingasson,cmingassonf5@i2i.jp,Female,8.44.134.140
547,Friedrick,Trayes,ftrayesf6@reddit.com,Male,99.97.78.219
548,Pierette,Canty,pcantyf7@t-online.de,Female,254.128.139.74
549,Georgiana,Mish,gmishf8@shutterfly.com,Female,185.193.91.165
550,Ric,Lattos,rlattosf9@1und1.de,Male,176.10.54.198
551,Vassili,Bugs,vbugsfa@meetup.com,Male,45.170.105.195
552,Martino,Nafziger,mnafzigerfb@blogger.com,Male,111.249.59.162
553,Florida,Cranefield,fcranefieldfc@cornell.edu,Female,216.19.154.180
554,Bordie,Deverall,bdeverallfd@arizona.edu,Male,139.157.122.0
555,Pauly,Elce,pelcefe@howstuffworks.com,Female,57.214.231.0
556,Darcy,Ladbrooke,dladbrookeff@instagram.com,Male,196.221.192.117
557,Hagen,Langtry,hlangtryfg@discuz.net,Male,226.127.128.44
558,Merry,Reucastle,mreucastlefh@japanpost.jp,Female,185.92.205.245
559,Pandora,Minton,pmintonfi@geocities.jp,Female,49.222.80.151
560,Gusty,Jelks,gjelksfj@themeforest.net,Female,131.183.74.89
561,Garret,Fitzhenry,gfitzhenryfk@google.es,Male,187.88.69.199
562,Ephrem,Hankins,ehankinsfl@github.com,Male,140.236.71.236
563,Joye,Woolhouse,jwoolhousefm@jiathis.com,Female,178.171.87.105
564,Diann,Pigford,dpigfordfn@hc360.com,Female,148.75.208.142
565,Julietta,Danielut,jdanielutfo@geocities.com,Female,116.95.0.177
566,Bartholomeus,Call,bcallfp@usa.gov,Male,103.239.210.90
567,Nickolas,Radmer,nradmerfq@weebly.com,Male,167.21.31.112
568,Dorelia,Toomey,dtoomeyfr@hubpages.com,Female,238.200.151.88
569,Beale,Fountain,bfountainfs@disqus.com,Male,24.64.52.116
570,Ringo,Twaite,rtwaiteft@ocn.ne.jp,Male,106.249.44.186
571,Kelvin,Piscopiello,kpiscopiellofu@techcrunch.com,Male,140.119.130.47
572,Barb,Gepheart,bgepheartfv@symantec.com,Female,194.158.71.107
573,Charlean,Ditty,cdittyfw@opensource.org,Female,19.81.141.78
574,Gardie,Coudray,gcoudrayfx@wordpress.com,Male,5.67.36.213
575,Blaine,Capeloff,bcapelofffy@squarespace.com,Male,150.130.205.69
576,Seth,Thomasson,sthomassonfz@t.co,Male,14.170.239.19
577,Greggory,McKomb,gmckombg0@utexas.edu,Male,0.103.205.51
578,Tod,Hawyes,thawyesg1@qq.com,Male,116.209.89.248
579,Brnaba,O'Glassane,boglassaneg2@addthis.com,Male,30.112.144.97
580,Devland,Cull,dcullg3@yahoo.co.jp,Male,152.224.101.83
581,Kristy,Youthead,kyoutheadg4@state.tx.us,Female,67.88.7.151
582,Merrile,Cicconettii,mcicconettiig5@merriam-webster.com,Female,116.115.174.74
583,Mozelle,Maddicks,mmaddicksg6@yellowbook.com,Female,119.35.145.25
584,Alleyn,Kellitt,akellittg7@ucsd.edu,Male,5.12.61.151
585,Der,Gimenez,dgimenezg8@domainmarket.com,Male,34.252.33.246
586,Derry,Wolters,dwoltersg9@amazonaws.com,Male,206.129.149.202
587,Babbie,Pruckner,bprucknerga@archive.org,Female,37.11.132.251
588,Javier,Robens,jrobensgb@weibo.com,Male,26.63.124.247
589,Brady,Auger,baugergc@reverbnation.com,Male,210.104.67.15
590,Willie,Lampart,wlampartgd@tinypic.com,Male,26.222.207.227
591,Abbye,Wickes,awickesge@purevolume.com,Female,200.133.218.207
592,Jaclyn,Buck,jbuckgf@g.co,Female,169.34.160.226
593,Cicily,Puzey,cpuzeygg@kickstarter.com,Female,222.154.183.26
594,Shea,Hatcher,shatchergh@example.com,Female,79.252.63.202
595,Jaquenette,Reeders,jreedersgi@noaa.gov,Female,36.46.27.60
596,Gilberte,Hartles,ghartlesgj@hao123.com,Female,194.71.224.108
597,Debi,Pautot,dpautotgk@angelfire.com,Female,74.61.10.84
598,Didi,Doers,ddoersgl@bandcamp.com,Female,180.153.124.166
599,Dorrie,Shotboult,dshotboultgm@vimeo.com,Female,111.16.48.13
600,Karalynn,Radage,kradagegn@opera.com,Female,124.158.6.96
601,Elenore,Rubinsaft,erubinsaftgo@privacy.gov.au,Female,239.62.56.243
602,Freddie,Piddock,fpiddockgp@topsy.com,Male,15.87.174.175
603,Ame,Davidovitch,adavidovitchgq@gmpg.org,Female,147.10.15.187
604,Sula,Bass,sbassgr@mlb.com,Female,47.143.3.246
605,Danila,Heyfield,dheyfieldgs@auda.org.au,Female,6.14.117.32
606,Darelle,Havvock,dhavvockgt@cornell.edu,Female,109.114.28.31
607,Ally,Mullinder,amullindergu@digg.com,Female,249.165.86.138
608,Nora,Frenzel;,nfrenzelgv@yahoo.co.jp,Female,206.74.9.40
609,Rivkah,Howlin,rhowlingw@bbb.org,Female,85.208.35.180
610,Peggie,MacGiolla Pheadair,pmacgiollapheadairgx@delicious.com,Female,156.82.61.184
611,Ladonna,Vedeniktov,lvedeniktovgy@cafepress.com,Female,251.27.189.206
612,Cassy,Mateescu,cmateescugz@netlog.com,Female,234.226.191.4
613,Wilfrid,Croll,wcrollh0@wunderground.com,Male,59.53.128.37
614,Nerita,Hughesdon,nhughesdonh1@comcast.net,Female,238.201.14.126
615,Cecelia,Streather,cstreatherh2@earthlink.net,Female,67.64.82.88
616,Mose,Dreelan,mdreelanh3@who.int,Male,102.224.166.30
617,Felike,Benko,fbenkoh4@comcast.net,Male,208.148.153.242
618,Theodore,Gossling,tgosslingh5@springer.com,Male,101.32.29.247
619,Horatio,Baison,hbaisonh6@amazon.co.jp,Male,72.110.149.214
620,Devondra,Jochens,djochensh7@biblegateway.com,Female,237.168.82.114
621,Sari,Kevern,skevernh8@mapy.cz,Female,57.26.35.248
622,Letisha,Raffan,lraffanh9@technorati.com,Female,147.226.233.42
623,Valentine,Cristofvao,vcristofvaoha@edublogs.org,Female,239.5.32.236
624,Pryce,Corkan,pcorkanhb@blogs.com,Male,0.87.86.179
625,Lindsy,Reddel,lreddelhc@blogger.com,Female,19.47.76.32
626,Christian,Defont,cdefonthd@shinystat.com,Male,140.143.254.123
627,Bertrand,Litherborough,blitherboroughhe@hatena.ne.jp,Male,56.117.177.224
628,Clare,Tunnick,ctunnickhf@nyu.edu,Female,190.135.123.3
629,Mandi,McClenan,mmcclenanhg@ebay.com,Female,109.102.178.64
630,Elwin,Antoney,eantoneyhh@cnet.com,Male,217.182.76.28
631,Caryl,Maris,cmarishi@blogger.com,Male,21.130.81.246
632,Elisabet,Durnan,edurnanhj@livejournal.com,Female,181.10.71.242
633,Glyn,Cayley,gcayleyhk@foxnews.com,Male,49.104.37.134
634,Wilek,McKirton,wmckirtonhl@reverbnation.com,Male,240.107.107.180
635,Mindy,Collett,mcolletthm@amazon.com,Female,37.47.13.250
636,Tedda,Shervil,tshervilhn@example.com,Female,106.177.193.207
637,Halimeda,Waind,hwaindho@foxnews.com,Female,125.20.198.229
638,Early,Liddard,eliddardhp@webnode.com,Male,191.223.88.151
639,Rey,Luis,rluishq@cyberchimps.com,Female,100.121.169.61
640,Devin,Itzkovich,ditzkovichhr@wordpress.org,Male,12.89.148.143
641,Packston,Trelevan,ptrelevanhs@yelp.com,Male,215.237.57.0
642,Brandon,Sayes,bsayesht@psu.edu,Male,175.197.89.210
643,Gussy,Jaffra,gjaffrahu@simplemachines.org,Female,189.203.82.187
644,Marlow,Standall,mstandallhv@indiegogo.com,Male,16.40.233.101
645,Sheffy,Stockney,sstockneyhw@hc360.com,Male,73.81.29.235
646,Stepha,Chasmoor,schasmoorhx@alexa.com,Female,195.204.44.53
647,Nikki,Story,nstoryhy@auda.org.au,Male,155.111.92.224
648,Lynde,Hawson,lhawsonhz@sourceforge.net,Female,56.3.101.119
649,Tybalt,Meas,tmeasi0@ted.com,Male,197.70.238.123
650,Milty,Risely,mriselyi1@goo.gl,Male,47.67.239.177
651,Andris,Creggan,acreggani2@imdb.com,Male,58.61.92.45
652,Dominga,Tomalin,dtomalini3@istockphoto.com,Female,143.4.66.236
653,Andie,Rolingson,arolingsoni4@miibeian.gov.cn,Male,134.71.135.124
654,Renaud,McMeekan,rmcmeekani5@paypal.com,Male,175.153.154.30
655,Odessa,Walework,owaleworki6@wiley.com,Female,103.86.154.17
656,Stanton,Tearny,stearnyi7@technorati.com,Male,141.118.1.0
657,Claus,Pauls,cpaulsi8@unc.edu,Male,67.135.132.36
658,Minnnie,Marney,mmarneyi9@naver.com,Female,103.33.77.180
659,Pat,Drakes,pdrakesia@about.me,Female,218.188.120.57
660,Ebeneser,La Vigne,elavigneib@intel.com,Male,97.229.151.196
661,Nalani,Crampsey,ncrampseyic@ftc.gov,Female,255.167.105.55
662,Cary,Verriour,cverriourid@wikia.com,Male,231.36.230.41
663,Cornelle,Lefwich,clefwichie@photobucket.com,Female,55.206.42.83
664,Emanuele,Gryglewski,egryglewskiif@tripod.com,Male,213.32.98.154
665,Alfi,Le Batteur,alebatteurig@ifeng.com,Female,98.73.111.38
666,Helsa,Bambrough,hbambroughih@reddit.com,Female,97.208.24.54
667,Jamison,Jumeau,jjumeauii@microsoft.com,Male,174.106.252.109
668,Mozelle,Synnott,msynnottij@msn.com,Female,250.56.132.128
669,Lukas,Sarah,lsarahik@wufoo.com,Male,41.218.176.164
670,Olia,Cheeseman,ocheesemanil@scribd.com,Female,71.240.22.161
671,Elihu,Olcot,eolcotim@posterous.com,Male,3.35.185.233
672,Lewiss,McKinn,lmckinnin@weibo.com,Male,172.99.142.200
673,Sally,Aleso,salesoio@guardian.co.uk,Female,91.159.71.44
674,Calhoun,Bruster,cbrusterip@instagram.com,Male,166.186.187.56
675,Cull,Hebburn,chebburniq@webeden.co.uk,Male,231.37.50.29
676,Sherry,Messenger,smessengerir@nih.gov,Female,36.56.167.205
677,Sophie,Stack,sstackis@people.com.cn,Female,241.128.169.186
678,Mei,Bingley,mbingleyit@about.me,Female,249.50.87.4
679,Meta,Greswell,mgreswelliu@cocolog-nifty.com,Female,118.195.250.30
680,Hamilton,McNirlan,hmcnirlaniv@latimes.com,Male,119.116.112.224
681,Frieda,Polotti,fpolottiiw@github.io,Female,177.251.238.120
682,Tori,Etches,tetchesix@cmu.edu,Female,229.109.219.150
683,Bondie,Ebbutt,bebbuttiy@spiegel.de,Male,58.248.1.229
684,Stephanus,Jerrams,sjerramsiz@biblegateway.com,Male,149.197.50.17
685,Saul,Davidsen,sdavidsenj0@independent.co.uk,Male,210.44.165.35
686,Jacquelin,O'Dowling,jodowlingj1@guardian.co.uk,Female,151.127.67.81
687,Nanni,Eseler,neselerj2@nps.gov,Female,93.116.190.216
688,Danit,Dibbert,ddibbertj3@issuu.com,Female,28.13.53.116
689,Andi,Bendix,abendixj4@arizona.edu,Female,11.113.195.105
690,Dotti,Healks,dhealksj5@si.edu,Female,19.165.199.142
691,Maribelle,Kruschov,mkruschovj6@fc2.com,Female,178.51.97.254
692,Gwenora,Padillo,gpadilloj7@seesaa.net,Female,185.242.20.161
693,Tracey,Colborn,tcolbornj8@businessweek.com,Male,133.187.76.54
694,Corny,Sandall,csandallj9@bigcartel.com,Female,203.197.22.68
695,Codie,Duckers,cduckersja@wikipedia.org,Female,190.87.149.252
696,Eryn,Bairnsfather,ebairnsfatherjb@hud.gov,Female,139.140.84.132
697,Andree,Eastmond,aeastmondjc@wikipedia.org,Female,144.167.25.194
698,Orly,Palley,opalleyjd@aol.com,Female,253.83.32.201
699,Lanny,Moberley,lmoberleyje@youtu.be,Male,204.158.94.138
700,Oliy,Vallerine,ovallerinejf@theatlantic.com,Female,122.208.129.205
701,Edie,Kagan,ekaganjg@spotify.com,Female,135.212.101.53
702,Crysta,Suller,csullerjh@google.com.hk,Female,129.101.34.80
703,Dallas,Eborn,debornji@guardian.co.uk,Male,156.188.253.36
704,Reinwald,McNabb,rmcnabbjj@redcross.org,Male,148.71.221.172
705,Jacky,Jeavons,jjeavonsjk@dot.gov,Male,51.30.249.143
706,Xenos,Treadgear,xtreadgearjl@boston.com,Male,218.14.13.243
707,Carolee,Maslin,cmaslinjm@usnews.com,Female,208.226.231.135
708,Betteann,Davern,bdavernjn@woothemes.com,Female,139.181.204.219
709,Nester,Sandys,nsandysjo@bloglovin.com,Male,27.22.63.5
710,Lydia,Oxx,loxxjp@blogtalkradio.com,Female,115.155.77.26
711,Harlie,Celloni,hcellonijq@umich.edu,Female,219.183.1.170
712,Carmella,Kleinsmuntz,ckleinsmuntzjr@storify.com,Female,212.18.226.248
713,Sallyanne,Full,sfulljs@bluehost.com,Female,60.125.8.251
714,Melesa,Keslake,mkeslakejt@gnu.org,Female,114.105.243.218
715,Abrahan,Elwood,aelwoodju@163.com,Male,83.235.235.110
716,Janna,Castellini,jcastellinijv@digg.com,Female,35.11.16.99
717,Margit,Bosenworth,mbosenworthjw@ovh.net,Female,10.162.224.197
718,Tiebout,Szapiro,tszapirojx@4shared.com,Male,210.149.224.23
719,Gamaliel,Streather,gstreatherjy@senate.gov,Male,72.123.183.61
720,Bertram,Botterman,bbottermanjz@ow.ly,Male,12.134.88.211
721,Borg,Thursby,bthursbyk0@simplemachines.org,Male,71.13.240.146
722,Cathyleen,Bramstom,cbramstomk1@google.com,Female,144.141.247.237
723,Stefanie,Denziloe,sdenziloek2@google.it,Female,234.254.104.184
724,Lauren,De Cruce,ldecrucek3@360.cn,Male,181.107.92.181
725,Aggi,Wells,awellsk4@virginia.edu,Female,21.121.242.85
726,Gayelord,Roelofsen,groelofsenk5@wordpress.org,Male,122.225.86.224
727,Novelia,Yegorkov,nyegorkovk6@wp.com,Female,219.207.43.201
728,Shanon,Deeley,sdeeleyk7@statcounter.com,Female,177.133.220.163
729,Katalin,Buckler,kbucklerk8@smugmug.com,Female,225.6.223.158
730,Chas,Felder,cfelderk9@reference.com,Male,251.49.104.153
731,Marlon,Pyson,mpysonka@businessinsider.com,Male,220.161.135.44
732,Gertrude,Tripet,gtripetkb@google.de,Female,92.173.96.152
733,Alva,Johannesson,ajohannessonkc@1und1.de,Male,243.38.168.68
734,Rik,Pudsey,rpudseykd@google.pl,Male,243.229.61.120
735,Nick,Shortan,nshortanke@intel.com,Male,237.226.115.191
736,Susann,Somerton,ssomertonkf@phpbb.com,Female,17.249.106.195
737,Melisent,Holbury,mholburykg@weibo.com,Female,251.233.205.34
738,Vernice,Tippell,vtippellkh@rakuten.co.jp,Female,123.135.146.85
739,Maryann,Golley,mgolleyki@yale.edu,Female,185.89.206.45
740,Lind,Slavin,lslavinkj@netscape.com,Male,4.217.195.66
741,Orelie,Harly,oharlykk@ox.ac.uk,Female,13.12.150.117
742,Lillis,Caws,lcawskl@sina.com.cn,Female,181.128.115.112
743,Ernesto,Accombe,eaccombekm@admin.ch,Male,246.154.18.89
744,Emelita,Tatford,etatfordkn@virginia.edu,Female,69.131.212.56
745,Alister,Seddon,aseddonko@europa.eu,Male,29.219.116.233
746,Aggie,Covet,acovetkp@ifeng.com,Female,117.135.105.123
747,Jeanette,Pervoe,jpervoekq@flickr.com,Female,173.200.169.50
748,Siward,Ivison,sivisonkr@wsj.com,Male,130.205.111.34
749,Brandy,Janney,bjanneyks@alexa.com,Female,119.82.27.218
750,Andris,Slorach,aslorachkt@twitter.com,Male,193.48.226.167
751,Arlyn,Nuemann,anuemannku@about.com,Female,179.8.36.167
752,Carolyne,Wilkie,cwilkiekv@illinois.edu,Female,132.127.119.32
753,Rriocard,Gulc,rgulckw@php.net,Male,240.26.45.11
754,Filide,Clardge,fclardgekx@about.me,Female,133.121.43.143
755,Nissy,Cleynaert,ncleynaertky@abc.net.au,Female,226.29.0.86
756,Harmon,Remirez,hremirezkz@si.edu,Male,71.58.119.174
757,Minor,Danniel,mdanniell0@ed.gov,Male,240.127.117.129
758,Claire,Crippill,ccrippilll1@cargocollective.com,Male,23.230.250.208
759,Fan,Chelam,fchelaml2@sitemeter.com,Female,180.61.182.83
760,Heinrik,Jouannot,hjouannotl3@msn.com,Male,232.53.63.86
761,Swen,MacAlester,smacalesterl4@deliciousdays.com,Male,153.68.80.200
762,Clayson,Vines,cvinesl5@amazon.co.jp,Male,57.67.86.121
763,Selig,Tanser,stanserl6@tuttocitta.it,Male,6.96.74.31
764,Virgie,Bewfield,vbewfieldl7@w3.org,Male,47.14.145.206
765,Glori,Pollastrone,gpollastronel8@uiuc.edu,Female,110.31.54.254
766,Jefferey,Poluzzi,jpoluzzil9@sogou.com,Male,160.103.119.42
767,Brnaba,Aleksic,baleksicla@mozilla.org,Male,92.207.9.19
768,Claudius,Draisey,cdraiseylb@typepad.com,Male,143.81.107.174
769,Ingemar,Pina,ipinalc@ebay.com,Male,48.56.208.136
770,Mord,Olver,molverld@merriam-webster.com,Male,90.132.155.104
771,Shane,Lean,sleanle@gizmodo.com,Female,133.28.205.249
772,Shelley,Cratchley,scratchleylf@barnesandnoble.com,Male,197.105.131.200
773,Jocko,Denmead,jdenmeadlg@comsenz.com,Male,207.69.45.124
774,Fitz,Joules,fjouleslh@friendfeed.com,Male,58.228.217.226
775,Sandy,Sidney,ssidneyli@live.com,Female,253.236.238.223
776,Carey,Rosendorf,crosendorflj@skype.com,Male,155.222.128.149
777,Astrid,Leber,aleberlk@ifeng.com,Female,33.223.233.170
778,Bartlet,Merwood,bmerwoodll@prnewswire.com,Male,86.162.187.125
779,Janis,Snibson,jsnibsonlm@imageshack.us,Female,25.244.199.120
780,Selma,Beazley,sbeazleyln@hostgator.com,Female,83.4.189.136
781,Idalia,Reaney,ireaneylo@upenn.edu,Female,38.119.99.72
782,Benjamin,Fierman,bfiermanlp@smh.com.au,Male,182.56.24.40
783,Shannon,Fantonetti,sfantonettilq@bigcartel.com,Male,12.186.116.74
784,Juditha,Quixley,jquixleylr@census.gov,Female,150.102.94.182
785,Melonie,Skellion,mskellionls@time.com,Female,56.58.187.59
786,Josh,Reinbach,jreinbachlt@multiply.com,Male,85.192.3.169
787,Caroline,D'Alwis,cdalwislu@unicef.org,Female,135.123.130.37
788,Chan,Thunderman,cthundermanlv@mozilla.org,Male,8.156.105.9
789,Jazmin,Gynni,jgynnilw@auda.org.au,Female,178.208.66.226
790,Buddie,Deare,bdearelx@google.nl,Male,172.178.9.163
791,Gwenore,Legrand,glegrandly@cdc.gov,Female,109.70.145.135
792,Archibald,Fannon,afannonlz@independent.co.uk,Male,27.190.241.141
793,Frederico,McCollum,fmccollumm0@shop-pro.jp,Male,189.86.13.66
794,Geoffry,Vedenisov,gvedenisovm1@ocn.ne.jp,Male,11.177.101.130
795,Andrey,Dunseath,adunseathm2@github.io,Male,197.145.223.180
796,Cordi,Lambird,clambirdm3@t-online.de,Female,222.50.113.160
797,Rustin,Baume,rbaumem4@blogspot.com,Male,136.147.202.41
798,Adriaens,Beauchamp,abeauchampm5@360.cn,Female,159.202.137.226
799,Daron,Pullar,dpullarm6@meetup.com,Male,87.30.254.157
800,Norton,Terrazzo,nterrazzom7@reverbnation.com,Male,153.84.122.92
801,Maddalena,Bumby,mbumbym8@rakuten.co.jp,Female,155.104.169.160
802,Minnie,Butte,mbuttem9@go.com,Female,84.168.97.149
803,Mirilla,Beese,mbeesema@cornell.edu,Female,75.41.106.22
804,Sarajane,Nuss,snussmb@1und1.de,Female,220.164.143.246
805,Darrell,Harbin,dharbinmc@cnet.com,Male,89.242.36.180
806,Rabbi,Lyttle,rlyttlemd@smugmug.com,Male,152.180.82.167
807,Francesca,Cooksley,fcooksleyme@toplist.cz,Female,76.153.109.226
808,Otes,Drescher,odreschermf@ihg.com,Male,93.215.142.22
809,Reginauld,Garrelts,rgarreltsmg@drupal.org,Male,118.35.225.106
810,Nikos,Scrigmour,nscrigmourmh@mayoclinic.com,Male,237.226.93.26
811,Lil,McNirlan,lmcnirlanmi@dropbox.com,Female,7.243.207.34
812,Lidia,Maycey,lmayceymj@twitpic.com,Female,248.209.118.220
813,Lelah,Pirozzi,lpirozzimk@stanford.edu,Female,174.82.99.133
814,Helga,Tuttle,htuttleml@360.cn,Female,128.65.142.20
815,Pedro,Portriss,pportrissmm@163.com,Male,109.99.154.120
816,Conroy,Meas,cmeasmn@whitehouse.gov,Male,49.116.220.102
817,Natty,Minchinden,nminchindenmo@domainmarket.com,Female,233.1.139.227
818,Ortensia,Woodcock,owoodcockmp@pinterest.com,Female,254.122.164.86
819,Verney,O'Carmody,vocarmodymq@hexun.com,Male,14.253.126.59
820,Ellwood,O'Doohaine,eodoohainemr@livejournal.com,Male,209.198.169.241
821,Alexandros,Flacknell,aflacknellms@dropbox.com,Male,64.8.185.234
822,Chryste,Wyard,cwyardmt@narod.ru,Female,179.125.64.98
823,Monah,Halward,mhalwardmu@booking.com,Female,4.110.232.23
824,Lorrie,Wadly,lwadlymv@stumbleupon.com,Male,135.28.239.192
825,Rowen,Lindegard,rlindegardmw@flickr.com,Male,196.13.89.231
826,Godfree,Wyke,gwykemx@slideshare.net,Male,217.58.122.91
827,Nerty,Doale,ndoalemy@pinterest.com,Female,0.117.231.126
828,Pamela,Briers,pbriersmz@google.es,Female,168.109.85.35
829,Arden,Rodell,arodelln0@mayoclinic.com,Female,42.100.163.130
830,Galina,Galvin,ggalvinn1@g.co,Female,121.193.19.0
831,Loralie,Olijve,lolijven2@issuu.com,Female,68.179.252.6
832,Valerie,Quincey,vquinceyn3@symantec.com,Female,156.202.180.42
833,Ettie,Shillaber,eshillabern4@mail.ru,Female,240.93.82.194
834,Findlay,Stewartson,fstewartsonn5@nyu.edu,Male,236.109.199.48
835,Constantina,Heigold,cheigoldn6@pinterest.com,Female,55.241.86.164
836,Priscella,Godley,pgodleyn7@wufoo.com,Female,192.8.30.115
837,Carline,Dallosso,cdallosson8@mit.edu,Female,52.206.86.229
838,Haleigh,Giacomasso,hgiacomasson9@mozilla.com,Male,78.20.203.122
839,Ban,Krauze,bkrauzena@fastcompany.com,Male,1.7.164.149
840,Lanni,Winson,lwinsonnb@vimeo.com,Female,183.223.195.172
841,Amelia,Middis,amiddisnc@elpais.com,Female,151.58.214.72
842,Calla,Peasegood,cpeasegoodnd@japanpost.jp,Female,252.33.155.101
843,Kim,Lanfranconi,klanfranconine@nymag.com,Male,174.149.50.106
844,Rosina,Vella,rvellanf@oaic.gov.au,Female,193.152.204.85
845,Rebeca,Kaufman,rkaufmanng@chicagotribune.com,Female,100.170.156.127
846,Erminie,Suggate,esuggatenh@arstechnica.com,Female,164.9.60.200
847,Abramo,Grier,agrierni@patch.com,Male,211.158.240.235
848,Haleigh,Hawarden,hhawardennj@barnesandnoble.com,Female,71.38.246.77
849,Freddy,Boadby,fboadbynk@webs.com,Male,46.11.139.239
850,Carmella,MacAndie,cmacandienl@webeden.co.uk,Female,117.188.3.78
851,Edvard,Yewdall,eyewdallnm@slideshare.net,Male,230.34.223.198
852,Barnaby,Birtwhistle,bbirtwhistlenn@nifty.com,Male,123.23.172.64
853,Ellis,Goodlife,egoodlifeno@eventbrite.com,Male,103.47.217.126
854,Norry,Stonebanks,nstonebanksnp@constantcontact.com,Male,137.201.84.1
855,Nanon,Loude,nloudenq@shinystat.com,Female,147.246.188.185
856,Pierette,Treamayne,ptreamaynenr@netscape.com,Female,237.124.154.101
857,Brien,Philippon,bphilipponns@uiuc.edu,Male,140.43.92.191
858,Cinderella,Cockram,ccockramnt@1688.com,Female,193.216.54.126
859,Derrik,Elacoate,delacoatenu@yolasite.com,Male,170.217.143.199
860,Ashil,Thornhill,athornhillnv@mail.ru,Female,112.195.158.161
861,Hally,Korpolak,hkorpolaknw@wordpress.com,Female,204.177.244.162
862,Cristin,Jansey,cjanseynx@clickbank.net,Female,200.161.109.227
863,Caro,Edland,cedlandny@berkeley.edu,Female,74.131.240.21
864,Lucila,Domerq,ldomerqnz@uol.com.br,Female,159.229.133.167
865,Eirena,Demkowicz,edemkowiczo0@huffingtonpost.com,Female,168.246.49.229
866,Dana,Hawker,dhawkero1@ow.ly,Female,219.233.26.86
867,Nels,Viles,nvileso2@163.com,Male,167.180.113.143
868,Roanne,Bibbie,rbibbieo3@mediafire.com,Female,167.195.27.47
869,Smith,Heggman,sheggmano4@g.co,Male,82.202.160.186
870,Gustavo,Harbin,gharbino5@indiegogo.com,Male,149.149.239.47
871,Jerrine,Lea,jleao6@cbsnews.com,Female,235.159.247.72
872,Mari,Dincey,mdinceyo7@sun.com,Female,167.91.233.115
873,Lucine,Becerra,lbecerrao8@mac.com,Female,254.204.61.105
874,Tammi,Harkus,tharkuso9@umich.edu,Female,168.12.16.64
875,Elfrieda,Redholes,eredholesoa@fotki.com,Female,49.43.59.138
876,Rowena,Sidgwick,rsidgwickob@amazon.de,Female,3.43.71.111
877,Bard,Matousek,bmatousekoc@nih.gov,Male,44.87.252.53
878,Elisabetta,Witheridge,ewitheridgeod@google.es,Female,17.181.220.76
879,Daryl,Fancutt,dfancuttoe@newsvine.com,Female,155.91.28.210
880,Bary,De Bernardis,bdebernardisof@deviantart.com,Male,151.108.223.166
881,Dorella,Fetterplace,dfetterplaceog@bloomberg.com,Female,188.252.29.234
882,Emlynne,Grix,egrixoh@example.com,Female,28.114.117.100
883,Madlen,Edginton,medgintonoi@wired.com,Female,2.161.50.28
884,Kevin,Slinger,kslingeroj@fda.gov,Male,133.157.196.166
885,Lauralee,Deniske,ldeniskeok@cbslocal.com,Female,162.222.27.249
886,Charley,McGeagh,cmcgeaghol@msu.edu,Male,234.31.188.97
887,Nerti,End,nendom@yale.edu,Female,238.47.235.255
888,Bradly,De Bernardi,bdebernardion@jiathis.com,Male,237.163.118.156
889,Arleyne,Feige,afeigeoo@mediafire.com,Female,192.16.135.12
890,Ahmad,Summerell,asummerellop@cafepress.com,Male,117.219.74.167
891,Renee,McKerley,rmckerleyoq@ehow.com,Female,112.138.47.115
892,Terri,Ferraro,tferraroor@china.com.cn,Female,230.71.165.53
893,Tallia,Ciccotto,tciccottoos@qq.com,Female,225.74.77.121
894,Jamal,Andren,jandrenot@gnu.org,Male,253.41.233.48
895,Venus,McClure,vmcclureou@is.gd,Female,27.165.10.128
896,Hammad,Cuphus,hcuphusov@live.com,Male,192.200.222.57
897,Lyn,Scardefield,lscardefieldow@behance.net,Male,179.183.179.39
898,Boycey,Tayspell,btayspellox@ucla.edu,Male,55.104.241.49
899,Artemis,Ganiclef,aganiclefoy@archive.org,Male,46.97.75.246
900,Brooke,Bearfoot,bbearfootoz@uol.com.br,Male,92.116.96.43
901,Bordy,Tretter,btretterp0@usgs.gov,Male,231.156.125.250
902,Lari,Ethridge,lethridgep1@bluehost.com,Female,248.52.188.146
903,Demetris,MacGilfoyle,dmacgilfoylep2@who.int,Female,104.45.170.104
904,Alma,Knowlson,aknowlsonp3@blogs.com,Female,224.212.114.152
905,Hermann,Pendle,hpendlep4@ebay.com,Male,248.59.219.170
906,Angelina,Thomasset,athomassetp5@wiley.com,Female,193.99.59.61
907,Corny,Easterbrook,ceasterbrookp6@umn.edu,Female,151.107.163.132
908,Carny,Baldocci,cbaldoccip7@ftc.gov,Male,189.96.198.136
909,Birdie,Menichelli,bmenichellip8@topsy.com,Female,49.19.199.135
910,Fernando,Kovacs,fkovacsp9@163.com,Male,20.179.39.132
911,Maximilianus,Menezes,mmenezespa@wikia.com,Male,61.97.15.110
912,Lyssa,Stockoe,lstockoepb@phpbb.com,Female,45.193.76.225
913,Tommie,Gracey,tgraceypc@reuters.com,Male,233.75.198.93
914,Stanislas,Poli,spolipd@dot.gov,Male,102.152.106.173
915,Tobit,Keeler,tkeelerpe@oracle.com,Male,52.132.147.199
916,Alysia,Bundey,abundeypf@cmu.edu,Female,110.31.254.119
917,Jayme,Bacon,jbaconpg@freewebs.com,Male,144.250.175.124
918,Hilton,Willcott,hwillcottph@elpais.com,Male,193.151.129.165
919,Haily,Haston,hhastonpi@aboutads.info,Female,147.165.144.231
920,Brewster,Willarton,bwillartonpj@blogtalkradio.com,Male,129.51.144.51
921,Aloise,Andrin,aandrinpk@uiuc.edu,Female,169.217.15.171
922,Rick,Hirtzmann,rhirtzmannpl@imdb.com,Male,62.109.106.101
923,Allene,Lawrie,alawriepm@independent.co.uk,Female,71.72.192.149
924,Jermayne,Beumant,jbeumantpn@skyrock.com,Male,105.32.145.173
925,Ludovico,Brayley,lbrayleypo@flavors.me,Male,107.89.63.43
926,Inglis,Pesticcio,ipesticciopp@macromedia.com,Male,192.193.214.12
927,Orel,Nieass,onieasspq@oracle.com,Female,29.38.13.176
928,Frazer,Boylin,fboylinpr@so-net.ne.jp,Male,246.16.95.83
929,Rodolph,Dominguez,rdominguezps@cyberchimps.com,Male,8.243.75.133
930,Doug,De Mico,ddemicopt@hubpages.com,Male,98.66.94.246
931,Elfie,Van Driel,evandrielpu@wisc.edu,Female,110.94.36.247
932,Maurita,Kopacek,mkopacekpv@ask.com,Female,243.148.6.222
933,Orren,Smartman,osmartmanpw@wikispaces.com,Male,172.172.75.1
934,Clari,McKerley,cmckerleypx@globo.com,Female,134.156.177.59
935,Fulvia,Grier,fgrierpy@spotify.com,Female,14.133.109.169
936,Karolina,Brelsford,kbrelsfordpz@usa.gov,Female,254.114.112.97
937,Natal,Olensby,nolensbyq0@google.co.jp,Male,236.122.130.254
938,Jack,Gianninotti,jgianninottiq1@icio.us,Male,84.189.170.217
939,Althea,Engall,aengallq2@tumblr.com,Female,169.191.140.58
940,Sherwynd,Trower,strowerq3@tinypic.com,Male,239.135.161.55
941,Nikolaus,Mattimoe,nmattimoeq4@cbslocal.com,Male,209.106.78.68
942,Saunders,Landes,slandesq5@bing.com,Male,125.15.110.204
943,Billye,Pearle,bpearleq6@howstuffworks.com,Female,89.35.200.141
944,Mendel,Hastings,mhastingsq7@columbia.edu,Male,19.86.167.63
945,Teddie,Conibere,tconibereq8@github.io,Female,4.124.163.140
946,Desmond,Hinrichs,dhinrichsq9@eventbrite.com,Male,188.166.108.63
947,Hillie,Larimer,hlarimerqa@moonfruit.com,Male,23.30.95.164
948,Frederic,Errigo,ferrigoqb@shareasale.com,Male,156.157.60.152
949,Brant,Faldo,bfaldoqc@typepad.com,Male,3.81.53.61
950,Oona,Erickssen,oerickssenqd@uol.com.br,Female,173.41.201.243
951,Judah,Limb,jlimbqe@shutterfly.com,Male,210.222.23.76
952,Laurel,Gilhoolie,lgilhoolieqf@imageshack.us,Female,174.8.118.188
953,Clarissa,Cabane,ccabaneqg@woothemes.com,Female,66.247.171.152
954,Caroline,Eichmann,ceichmannqh@utexas.edu,Female,47.45.26.160
955,Barbaraanne,Parton,bpartonqi@github.com,Female,172.89.100.166
956,Nikos,Endle,nendleqj@dailymail.co.uk,Male,236.55.208.121
957,Glyn,Woolmington,gwoolmingtonqk@state.tx.us,Female,106.240.64.249
958,Karen,Treagus,ktreagusql@bloomberg.com,Female,180.173.144.239
959,Guss,Wheelwright,gwheelwrightqm@people.com.cn,Male,126.238.221.232
960,Alvis,Dugdale,adugdaleqn@columbia.edu,Male,130.136.216.144
961,Bambie,Rosenstengel,brosenstengelqo@over-blog.com,Female,134.183.47.214
962,Inga,Pesic,ipesicqp@51.la,Female,28.172.191.12
963,Hartwell,Turfrey,hturfreyqq@tuttocitta.it,Male,9.89.125.63
964,Helena,Cottel,hcottelqr@arstechnica.com,Female,28.65.202.177
965,Hieronymus,MacIlhagga,hmacilhaggaqs@timesonline.co.uk,Male,123.237.255.33
966,Anabel,Geraghty,ageraghtyqt@zimbio.com,Female,8.138.126.176
967,Ricard,Layburn,rlayburnqu@columbia.edu,Male,171.131.235.80
968,Arlene,Orry,aorryqv@usgs.gov,Female,93.183.13.115
969,Kalle,Digan,kdiganqw@google.nl,Male,168.99.79.182
970,Moina,Sheirlaw,msheirlawqx@reference.com,Female,139.100.28.195
971,Noll,Goudard,ngoudardqy@seattletimes.com,Male,40.128.230.32
972,Alphard,Jobey,ajobeyqz@posterous.com,Male,118.62.64.182
973,Bronny,Saul,bsaulr0@goo.gl,Male,15.152.180.229
974,Carita,Ziemke,cziemker1@4shared.com,Female,22.233.195.62
975,Rosita,Sheivels,rsheivelsr2@miitbeian.gov.cn,Female,181.2.37.56
976,Bevon,Nijssen,bnijssenr3@homestead.com,Male,207.216.35.193
977,Barbie,Howgill,bhowgillr4@fastcompany.com,Female,163.1.120.12
978,Tirrell,Sewall,tsewallr5@stanford.edu,Male,225.214.138.105
979,Lucienne,Haack,lhaackr6@arizona.edu,Female,221.121.142.129
980,Kerry,Stoggell,kstoggellr7@opensource.org,Male,125.131.53.154
981,Norbert,Schermick,nschermickr8@storify.com,Male,125.209.199.205
982,Selina,Bruckmann,sbruckmannr9@imgur.com,Female,250.138.130.28
983,Nil,Foddy,nfoddyra@sbwire.com,Male,213.188.238.29
984,Kevina,O'Hanlon,kohanlonrb@java.com,Female,90.230.107.250
985,Ly,Skayman,lskaymanrc@salon.com,Male,68.91.72.215
986,Giorgi,Sudran,gsudranrd@google.cn,Male,61.156.27.213
987,Thornton,Kneaphsey,tkneaphseyre@who.int,Male,165.58.88.49
988,Berta,Verrill,bverrillrf@posterous.com,Female,123.49.220.219
989,Lorelle,Paulon,lpaulonrg@bravesites.com,Female,113.131.156.156
990,Lionello,Sarfass,lsarfassrh@sciencedirect.com,Male,50.173.65.35
991,Jordana,Dobey,jdobeyri@latimes.com,Female,196.211.89.116
992,Hymie,Menchenton,hmenchentonrj@icq.com,Male,77.24.90.24
993,Joaquin,Giacobbo,jgiacobbork@independent.co.uk,Male,36.183.155.150
994,Porty,Heppner,pheppnerrl@youtube.com,Male,56.156.160.41
995,Ciel,Brambill,cbrambillrm@yahoo.co.jp,Female,70.141.123.202
996,Ardelis,Tatton,atattonrn@slashdot.org,Female,168.113.21.79
997,Philippine,Maggorini,pmaggoriniro@state.tx.us,Female,187.36.245.8
998,Shaughn,Hutchings,shutchingsrp@businesswire.com,Male,192.156.103.208
999,Stesha,Racine,sracinerq@scientificamerican.com,Female,54.221.27.63
1000,Dani,Armiger,darmigerrr@samsung.com,Female,129.117.147.161
